Fraction_Group	Fraction	Spectra_Filepath	Label	Sample
1	1	Chris_Ecoli_4-1.mzML	1	1
1	1	Chris_Ecoli_4-1.mzML	3	2
2	1	Chris_Ecoli_1-1.mzML	1	3
2	1	Chris_Ecoli_1-1.mzML	3	4
3	1	Chris_Ecoli_1-2-4.mzML	1	5
3	1	Chris_Ecoli_1-2-4.mzML	2	6
3	1	Chris_Ecoli_1-2-4.mzML	3	7

Sample	MSstats_Condition	MSstats_BioReplicate
1	NT=SILAC light;AC=PRIDE:0000326	1
2	NT=SILAC heavy;AC=PRIDE:0000325	2
3	NT=SILAC light;AC=PRIDE:0000326	3
4	NT=SILAC heavy;AC=PRIDE:0000325	4
5	NT=SILAC light;AC=PRIDE:0000326	5
6	NT=SILAC medium;AC=PRIDE:0000327	6
7	NT=SILAC heavy;AC=PRIDE:0000325	7
